CTLabel,BoroCode,BoroName,CT2020,BoroCT2020,CDEligibil,NTAName,NTA2020,CDTA2020,CDTANAME,GEOID,PUMA,Shape_Leng,Shape_Area
"2.01","1",Manhattan,"000201","1000201",,Chinatown-Two Bridges,MN0301,MN03,MN03 Lower East Side-Chinatown (CD 3 Equivalent),"36061000201","4103",4754.49524739000,972312.14035500004
"6","1",Manhattan,"000600","1000600",,Chinatown-Two Bridges,MN0301,MN03,MN03 Lower East Side-Chinatown (CD 3 Equivalent),"36061000600","4103",6976.28621477000,2582705.15745999990
"14.01","1",Manhattan,"001401","1001401",,Lower East Side,MN0302,MN03,MN03 Lower East Side-Chinatown (CD 3 Equivalent),"36061001401","4103",5075.33199978000,1006116.58429000003
"18","1",Manhattan,"001800","1001800",,Lower East Side,MN0302,MN03,MN03 Lower East Side-Chinatown (CD 3 Equivalent),"36061001800","4103",6391.92117449000,2399276.86434999993
"26.01","1",Manhattan,"002601","1002601",,East Village,MN0303,MN03,MN03 Lower East Side-Chinatown (CD 3 Equivalent),"36061002601","4103",4521.25106638000,1141217.52722999989
"28","1",Manhattan,"002800","1002800",,East Village,MN0303,MN03,MN03 Lower East Side-Chinatown (CD 3 Equivalent),"36061002800","4103",5627.55483658000,1973678.46790000005
"32","1",Manhattan,"003200","1003200",,East Village,MN0303,MN03,MN03 Lower East Side-Chinatown (CD 3 Equivalent),"36061003200","4103",6358.43545384000,2335526.62183000008
"33","1",Manhattan,"003300","1003300",,Tribeca-Civic Center,MN0102,MN01,MN01 Financial District-Tribeca (CD 1 Equivalent),"36061003300","4121",8170.75665801000,3677727.64345999993
"34","1",Manhattan,"003400","1003400",,East Village,MN0303,MN03,MN03 Lower East Side-Chinatown (CD 3 Equivalent),"36061003400","4103",5503.30697234000,1718451.58587999991
"36.01","1",Manhattan,"003601","1003601",,Lower East Side,MN0302,MN03,MN03 Lower East Side-Chinatown (CD 3 Equivalent),"36061003601","4103",4201.29530909000,1082296.16558000003
"37","1",Manhattan,"003700","1003700",,SoHo-Little Italy-Hudson Square,MN0201,MN02,MN02 Greenwich Village-SoHo (CD 2 Equivalent),"36061003700","4121",11701.60794320000,4116364.29736000020
"39","1",Manhattan,"003900","1003900",,Tribeca-Civic Center,MN0102,MN01,MN01 Financial District-Tribeca (CD 1 Equivalent),"36061003900","4121",12700.42461980000,3571006.25669000018
"41","1",Manhattan,"004100","1004100",,SoHo-Little Italy-Hudson Square,MN0201,MN02,MN02 Greenwich Village-SoHo (CD 2 Equivalent),"36061004100","4121",5913.87073980000,2058611.77685000002
"43","1",Manhattan,"004300","1004300",,SoHo-Little Italy-Hudson Square,MN0201,MN02,MN02 Greenwich Village-SoHo (CD 2 Equivalent),"36061004300","4121",5090.41972568000,1605585.00792000000
"45","1",Manhattan,"004500","1004500",,SoHo-Little Italy-Hudson Square,MN0201,MN02,MN02 Greenwich Village-SoHo (CD 2 Equivalent),"36061004500","4121",4604.74226512000,1129524.33978000004
"52","1",Manhattan,"005200","1005200",,Midtown South-Flatiron-Union Square,MN0501,MN05,MN05 Midtown-Flatiron-Union Square (CD 5 Approximation),"36061005200","4165",5790.38825222000,1815428.99169000005
"55.02","1",Manhattan,"005502","1005502",,Greenwich Village,MN0202,MN02,MN02 Greenwich Village-SoHo (CD 2 Equivalent),"36061005502","4121",4547.01610161000,1243017.22803999996
"58","1",Manhattan,"005800","1005800",,Midtown South-Flatiron-Union Square,MN0501,MN05,MN05 Midtown-Flatiron-Union Square (CD 5 Approximation),"36061005800","4165",5720.57431636000,1879679.38883000007
"63","1",Manhattan,"006300","1006300",,Greenwich Village,MN0202,MN02,MN02 Greenwich Village-SoHo (CD 2 Equivalent),"36061006300","4121",5802.50819179000,1918265.47759000002
"65","1",Manhattan,"006500","1006500",,Greenwich Village,MN0202,MN02,MN02 Greenwich Village-SoHo (CD 2 Equivalent),"36061006500","4121",6351.18177406000,2167367.11549000023
"67","1",Manhattan,"006700","1006700",,West Village,MN0203,MN02,MN02 Greenwich Village-SoHo (CD 2 Equivalent),"36061006700","4121",5458.85947250000,1812883.02278000000
"68","1",Manhattan,"006800","1006800",,Gramercy,MN0602,MN06,MN06 East Midtown-Murray Hill (CD 6 Approximation),"36061006800","4165",5723.89094085000,1877720.93515000003
"71","1",Manhattan,"007100","1007100",,West Village,MN0203,MN02,MN02 Greenwich Village-SoHo (CD 2 Equivalent),"36061007100","4121",6603.38612647000,1774264.34210000001
"73","1",Manhattan,"007300","1007300",,West Village,MN0203,MN02,MN02 Greenwich Village-SoHo (CD 2 Equivalent),"36061007300","4121",5754.13421011000,1778587.97432000004
"76","1",Manhattan,"007600","1007600",,Midtown South-Flatiron-Union Square,MN0501,MN05,MN05 Midtown-Flatiron-Union Square (CD 5 Approximation),"36061007600","4165",5717.63343742000,1873518.14596000011
"77","1",Manhattan,"007700","1007700",,West Village,MN0203,MN02,MN02 Greenwich Village-SoHo (CD 2 Equivalent),"36061007700","4121",5765.37214246000,1924995.85467000003
"78","1",Manhattan,"007800","1007800",,Murray Hill-Kips Bay,MN0603,MN06,MN06 East Midtown-Murray Hill (CD 6 Approximation),"36061007800","4165",5546.86738568000,1912109.89721000008
"81","1",Manhattan,"008100","1008100",,Chelsea-Hudson Yards,MN0401,MN04,MN04 Chelsea-Hell's Kitchen (CD 4 Approximation),"36061008100","4104",5683.39375249000,1875912.49867999996
"83","1",Manhattan,"008300","1008300",,Chelsea-Hudson Yards,MN0401,MN04,MN04 Chelsea-Hell's Kitchen (CD 4 Approximation),"36061008300","4104",5681.51426302000,1873011.55559000000
"84","1",Manhattan,"008400","1008400",,Midtown-Times Square,MN0502,MN05,MN05 Midtown-Flatiron-Union Square (CD 5 Approximation),"36061008400","4165",5690.70188955000,1862741.79820000008
"89","1",Manhattan,"008900","1008900",,Chelsea-Hudson Yards,MN0401,MN04,MN04 Chelsea-Hell's Kitchen (CD 4 Approximation),"36061008900","4104",5578.14059054000,1782674.05104999989
"91","1",Manhattan,"009100","1009100",,Chelsea-Hudson Yards,MN0401,MN04,MN04 Chelsea-Hell's Kitchen (CD 4 Approximation),"36061009100","4104",5743.39332012000,1927040.12601000001
"109","1",Manhattan,"010900","1010900",,Midtown-Times Square,MN0502,MN05,MN05 Midtown-Flatiron-Union Square (CD 5 Approximation),"36061010900","4165",5703.53152525000,1891364.51328999992
"113","1",Manhattan,"011300","1011300",,Midtown-Times Square,MN0502,MN05,MN05 Midtown-Flatiron-Union Square (CD 5 Approximation),"36061011300","4165",5699.86063926000,1890907.26841000002
"119","1",Manhattan,"011900","1011900",,Midtown-Times Square,MN0502,MN05,MN05 Midtown-Flatiron-Union Square (CD 5 Approximation),"36061011900","4165",5722.09072885000,1911310.68699999992
"121.01","1",Manhattan,"012101","1012101",,Hell's Kitchen,MN0402,MN04,MN04 Chelsea-Hell's Kitchen (CD 4 Approximation),"36061012101","4104",3933.12523601000,959570.57603000000
"125","1",Manhattan,"012500","1012500",,Midtown-Times Square,MN0502,MN05,MN05 Midtown-Flatiron-Union Square (CD 5 Approximation),"36061012500","4165",5683.93714341000,1875481.30315999989
"127","1",Manhattan,"012700","1012700",,Hell's Kitchen,MN0402,MN04,MN04 Chelsea-Hell's Kitchen (CD 4 Approximation),"36061012700","4104",5682.36124648000,1872371.15965000005
"131","1",Manhattan,"013100","1013100",,Midtown-Times Square,MN0502,MN05,MN05 Midtown-Flatiron-Union Square (CD 5 Approximation),"36061013100","4165",5680.12341863000,1874645.76618000004
"136.01","1",Manhattan,"013601","1013601",,Upper East Side-Yorkville,MN0803,MN08,MN08 Upper East Side-Roosevelt Island (CD 8 Equivalent),"36061013601","4108",3364.50474684000,400550.31630399998
"150.02","1",Manhattan,"015002","1015002",,Upper East Side-Carnegie Hill,MN0802,MN08,MN08 Upper East Side-Roosevelt Island (CD 8 Equivalent),"36061015002","4108",4689.90619108000,1352304.14647000004
"153.01","1",Manhattan,"015301","1015301",,Upper West Side-Lincoln Square,MN0701,MN07,MN07 Upper West Side (CD 7 Approximation),"36061015301","4107",3880.01113814000,934986.55194399995
"153.02","1",Manhattan,"015302","1015302",,Upper West Side-Lincoln Square,MN0701,MN07,MN07 Upper West Side (CD 7 Approximation),"36061015302","4107",3884.25171349000,938455.16746000003
"154.01","1",Manhattan,"015401","1015401",,Upper East Side-Yorkville,MN0803,MN08,MN08 Upper East Side-Roosevelt Island (CD 8 Equivalent),"36061015401","4108",3966.36283272000,763019.68687600002
"154.02","1",Manhattan,"015402","1015402",,Upper East Side-Yorkville,MN0803,MN08,MN08 Upper East Side-Roosevelt Island (CD 8 Equivalent),"36061015402","4108",3070.90754240000,590439.34812300000
"155.01","1",Manhattan,"015501","1015501",,Upper West Side-Lincoln Square,MN0701,MN07,MN07 Upper West Side (CD 7 Approximation),"36061015501","4107",3864.79104397000,928265.53827500006
"157","1",Manhattan,"015700","1015700",,Upper West Side-Lincoln Square,MN0701,MN07,MN07 Upper West Side (CD 7 Approximation),"36061015700","4107",5778.30928559000,1958586.74025000003
"160.01","1",Manhattan,"016001","1016001",,Upper East Side-Carnegie Hill,MN0802,MN08,MN08 Upper East Side-Roosevelt Island (CD 8 Equivalent),"36061016001","4108",4702.17377716000,1352632.29777999991
"161","1",Manhattan,"016100","1016100",,Upper West Side (Central),MN0702,MN07,MN07 Upper West Side (CD 7 Approximation),"36061016100","4107",5716.22543542000,1677359.66531000007
"164","1",Manhattan,"016400","1016400",,East Harlem (South),MN1101,MN11,MN11 East Harlem (CD 11 Equivalent),"36061016400","4111",5535.65489948000,1911300.53077000007
"165","1",Manhattan,"016500","1016500",,Upper West Side (Central),MN0702,MN07,MN07 Upper West Side (CD 7 Approximation),"36061016500","4107",6286.35561079000,2199114.59964000015
"166","1",Manhattan,"016600","1016600",,East Harlem (South),MN1101,MN11,MN11 East Harlem (CD 11 Equivalent),"36061016600","4111",5724.30052448000,1871913.93571999995
"170","1",Manhattan,"017000","1017000",,East Harlem (South),MN1101,MN11,MN11 East Harlem (CD 11 Equivalent),"36061017000","4111",5617.78174999000,1969157.88721000007
"172","1",Manhattan,"017200","1017200",,East Harlem (South),MN1101,MN11,MN11 East Harlem (CD 11 Equivalent),"36061017200","4111",5797.26396924000,1912754.75564999995
"180","1",Manhattan,"018000","1018000",,East Harlem (North),MN1102,MN11,MN11 East Harlem (CD 11 Equivalent),"36061018000","4111",6055.91400604000,2287541.25700999983
"181","1",Manhattan,"018100","1018100",,Upper West Side (Central),MN0702,MN07,MN07 Upper West Side (CD 7 Approximation),"36061018100","4107",5253.87795421000,1489902.89326999988
"187","1",Manhattan,"018700","1018700",,Upper West Side-Manhattan Valley,MN0703,MN07,MN07 Upper West Side (CD 7 Approximation),"36061018700","4107",6534.41136082000,2323892.25423000008
"193","1",Manhattan,"019300","1019300",,Upper West Side-Manhattan Valley,MN0703,MN07,MN07 Upper West Side (CD 7 Approximation),"36061019300","4107",5716.00494440000,1892879.10541999992
"195","1",Manhattan,"019500","1019500",,Upper West Side-Manhattan Valley,MN0703,MN07,MN07 Upper West Side (CD 7 Approximation),"36061019500","4107",6579.74105738000,2338296.41374999983
"197.02","1",Manhattan,"019702","1019702",,Harlem (South),MN1001,MN10,MN10 Harlem (CD 10 Equivalent),"36061019702","4110",3204.62116985000,509562.33031100000
"199","1",Manhattan,"019900","1019900",,Morningside Heights,MN0901,MN09,MN09 Morningside Heights-Hamilton Heights (CD 9 Equivalent),"36061019900","4109",6655.70797590000,2406577.22288999986
"216","1",Manhattan,"021600","1021600",,Harlem (South),MN1001,MN10,MN10 Harlem (CD 10 Equivalent),"36061021600","4110",5689.08062719000,1864443.26600000006
"218","1",Manhattan,"021800","1021800",,Harlem (South),MN1001,MN10,MN10 Harlem (CD 10 Equivalent),"36061021800","4110",5775.54814549000,1958684.88773000007
"220","1",Manhattan,"022000","1022000",,Harlem (South),MN1001,MN10,MN10 Harlem (CD 10 Equivalent),"36061022000","4110",5691.51581119000,1882647.55466999998
"243.01","1",Manhattan,"024301","1024301",,Washington Heights (South),MN1201,MN12,MN12 Washington Heights-Inwood (CD 12 Equivalent),"36061024301","4112",4737.70166378000,1129820.01224999991
"247","1",Manhattan,"024700","1024700",,Washington Heights (South),MN1201,MN12,MN12 Washington Heights-Inwood (CD 12 Equivalent),"36061024700","4112",6989.39507023000,2731880.45885000005
"295","1",Manhattan,"029500","1029500",,Inwood,MN1203,MN12,MN12 Washington Heights-Inwood (CD 12 Equivalent),"36061029500","4112",5236.02362632000,1459956.24948000000
"16","2",Bronx,"001600","2001600",,Soundview-Clason Point,BX0902,BX09,BX09 Soundview-Parkchester (CD 9 Approximation),"36005001600","4209",9671.30626716000,5221330.09714000020
"25","2",Bronx,"002500","2002500",,Mott Haven-Port Morris,BX0101,BX01,BX01 Melrose-Mott Haven-Port Morris (CD 1 Approximation),"36005002500","4221",5019.28198497000,1372151.25720999995
"65","2",Bronx,"006500","2006500",,Melrose,BX0102,BX01,BX01 Melrose-Mott Haven-Port Morris (CD 1 Approximation),"36005006500","4221",9811.63837771000,2816010.81172000011
"129.01","2",Bronx,"012901","2012901",,Longwood,BX0202,BX02,BX02 Longwood-Hunts Point (CD 2 Approximation),"36005012901","4221",7111.85698351000,1682640.15681999992
"131","2",Bronx,"013100","2013100",,Longwood,BX0202,BX02,BX02 Longwood-Hunts Point (CD 2 Approximation),"36005013100","4221",6532.97313075000,2477239.18702000007
"153","2",Bronx,"015300","2015300",,Crotona Park East,BX0303,BX03,BX03 Morrisania-Crotona Park East (CD 3 Approximation),"36005015300","4263",7313.93621682000,2522690.15332000004
"209","2",Bronx,"020900","2020900",,Mount Eden-Claremont (West),BX0403,BX04,BX04 Highbridge-Concourse (CD 4 Approximation),"36005020900","4204",5187.86758273000,1429575.33902000007
"273","2",Bronx,"027300","2027300",,Kingsbridge Heights-Van Cortlandt Village,BX0801,BX08,BX08 Riverdale-Kingsbridge-Marble Hill (CD 8 Approximation),"36005027300","4208",7746.30109702000,2183729.10056000017
"373","2",Bronx,"037300","2037300",,Tremont,BX0602,BX06,BX06 Tremont-Belmont-West Farms (CD 6 Approximation),"36005037300","4263",7218.55918172000,1864495.10892000003
"375.04","2",Bronx,"037504","2037504",,Tremont,BX0602,BX06,BX06 Tremont-Belmont-West Farms (CD 6 Approximation),"36005037504","4263",8799.23103806000,2586046.37955999980
"391","2",Bronx,"039100","2039100",,Belmont,BX0603,BX06,BX06 Tremont-Belmont-West Farms (CD 6 Approximation),"36005039100","4263",5908.01196881000,2213716.11212999979
"63","4",Queens,"006300","4006300",,Astoria (Central),QN0103,QN01,QN01 Astoria-Queensbridge (CD 1 Equivalent),"36081006300","4401",6358.78224538000,2288295.47334000003
"99","4",Queens,"009900","4009900",,Astoria Park,QN0191,QN01,QN01 Astoria-Queensbridge (CD 1 Equivalent),"36081009900","4401",8570.89491729000,2674946.18123000022
"113","4",Queens,"011300","4011300",,Astoria (North)-Ditmars-Steinway,QN0101,QN01,QN01 Astoria-Queensbridge (CD 1 Equivalent),"36081011300","4401",6050.89773189000,1922996.07480999990
"117","4",Queens,"011700","4011700",,Astoria (North)-Ditmars-Steinway,QN0101,QN01,QN01 Astoria-Queensbridge (CD 1 Equivalent),"36081011700","4401",6365.30326033000,2290673.09600999998
"138","4",Queens,"013800","4013800",,Kew Gardens,QN0901,QN09,QN09 Kew Gardens-Richmond Hill-Woodhaven (CD 9 Approximation),"36081013800","4409",8140.42162729000,1828863.88084000000
"169","4",Queens,"016900","4016900",,Sunnyside,QN0202,QN02,QN02 Long Island City-Sunnyside-Woodside (CD 2 Approximation),"36081016900","4402",7375.83673278000,2483619.45770000014
"181.01","4",Queens,"018101","4018101",,Sunnyside,QN0202,QN02,QN02 Long Island City-Sunnyside-Woodside (CD 2 Approximation),"36081018101","4402",5028.93838276000,1035687.63222000003
"181.02","4",Queens,"018102","4018102",,Sunnyside,QN0202,QN02,QN02 Long Island City-Sunnyside-Woodside (CD 2 Approximation),"36081018102","4402",5031.31280484000,1038481.14532999997
"183","4",Queens,"018300","4018300",,Sunnyside,QN0202,QN02,QN02 Long Island City-Sunnyside-Woodside (CD 2 Approximation),"36081018300","4402",7452.57204823000,2314483.75420999993
"199.01","4",Queens,"019901","4019901",,Sunnyside,QN0202,QN02,QN02 Long Island City-Sunnyside-Woodside (CD 2 Approximation),"36081019901","4402",10432.07350640000,3440003.40864000004
"199.03","4",Queens,"019903","4019903",,Sunnyside,QN0202,QN02,QN02 Long Island City-Sunnyside-Woodside (CD 2 Approximation),"36081019903","4402",10833.95948160000,7106116.91112000030
"251","4",Queens,"025100","4025100",,Woodside,QN0203,QN02,QN02 Long Island City-Sunnyside-Woodside (CD 2 Approximation),"36081025100","4402",7406.43530060000,2646559.91147999978
"267","4",Queens,"026700","4026700",,Elmhurst,QN0401,QN04,QN04 Elmhurst-Corona (CD 4 Approximation),"36081026700","4404",6365.40691983000,2256191.11672999989
"271.01","4",Queens,"027101","4027101",,Elmhurst,QN0401,QN04,QN04 Elmhurst-Corona (CD 4 Approximation),"36081027101","4404",4342.27583234000,967871.94160200004
"271.02","4",Queens,"027102","4027102",,Elmhurst,QN0401,QN04,QN04 Elmhurst-Corona (CD 4 Approximation),"36081027102","4404",3113.51212312000,528308.62044900004
"273.02","4",Queens,"027302","4027302",,Jackson Heights,QN0301,QN03,QN03 Jackson Heights-East Elmhurst (CD 3 Approximation),"36081027302","4403",5646.96125576000,1254853.34904000000
"275","4",Queens,"027500","4027500",,Jackson Heights,QN0301,QN03,QN03 Jackson Heights-East Elmhurst (CD 3 Approximation),"36081027500","4403",7384.59516448000,1911640.09939000010
"277.02","4",Queens,"027702","4027702",,Jackson Heights,QN0301,QN03,QN03 Jackson Heights-East Elmhurst (CD 3 Approximation),"36081027702","4403",4335.96786239000,1082232.83939999994
"279","4",Queens,"027900","4027900",,Jackson Heights,QN0301,QN03,QN03 Jackson Heights-East Elmhurst (CD 3 Approximation),"36081027900","4403",7392.18222643000,1913241.98974999995
"281","4",Queens,"028100","4028100",,Jackson Heights,QN0301,QN03,QN03 Jackson Heights-East Elmhurst (CD 3 Approximation),"36081028100","4403",7391.19930172000,1877449.65647000005
"283","4",Queens,"028300","4028300",,Jackson Heights,QN0301,QN03,QN03 Jackson Heights-East Elmhurst (CD 3 Approximation),"36081028300","4403",7388.43638066000,1913172.77775999997
"285","4",Queens,"028500","4028500",,Jackson Heights,QN0301,QN03,QN03 Jackson Heights-East Elmhurst (CD 3 Approximation),"36081028500","4403",7390.11435232000,1701419.41686000000
"287","4",Queens,"028700","4028700",,Jackson Heights,QN0301,QN03,QN03 Jackson Heights-East Elmhurst (CD 3 Approximation),"36081028700","4403",7939.87237985000,2104677.73699000012
"289","4",Queens,"028900","4028900",,Jackson Heights,QN0301,QN03,QN03 Jackson Heights-East Elmhurst (CD 3 Approximation),"36081028900","4403",7304.22002246000,1859020.47818999994
"352","4",Queens,"035200","4035200",,St. Albans,QN1205,QN12,QN12 Jamaica-St. Albans-Hollis (CD 12 Approximation),"36081035200","4412",13006.76677890000,6514364.15902999975
"361","4",Queens,"036100","4036100",,East Elmhurst,QN0302,QN03,QN03 Jackson Heights-East Elmhurst (CD 3 Approximation),"36081036100","4403",7450.19995809000,1693935.00364000001
"375.01","4",Queens,"037501","4037501",,Corona,QN0402,QN04,QN04 Elmhurst-Corona (CD 4 Approximation),"36081037501","4404",4019.52050489000,571221.06724300003
"411","4",Queens,"041100","4041100",,Corona,QN0402,QN04,QN04 Elmhurst-Corona (CD 4 Approximation),"36081041100","4404",5258.32753701000,1481730.53816000000
"443.02","4",Queens,"044302","4044302",,Corona,QN0402,QN04,QN04 Elmhurst-Corona (CD 4 Approximation),"36081044302","4404",6885.48818903000,2992542.45232000016
"457","4",Queens,"045700","4045700",,Elmhurst,QN0401,QN04,QN04 Elmhurst-Corona (CD 4 Approximation),"36081045700","4404",5578.62644305000,1620253.94155000011
"481","4",Queens,"048100","4048100",,Elmhurst,QN0401,QN04,QN04 Elmhurst-Corona (CD 4 Approximation),"36081048100","4404",5593.24966948000,1496567.82633999991
"551","4",Queens,"055100","4055100",,Ridgewood,QN0502,QN05,QN05 Ridgewood-Maspeth-Middle Village (CD 5 Approximation),"36081055100","4405",5974.20708933000,1669725.73224999988
"585","4",Queens,"058500","4058500",,Ridgewood,QN0502,QN05,QN05 Ridgewood-Maspeth-Middle Village (CD 5 Approximation),"36081058500","4405",5622.54718644000,1842457.05747999996
"593","4",Queens,"059300","4059300",,Ridgewood,QN0502,QN05,QN05 Ridgewood-Maspeth-Middle Village (CD 5 Approximation),"36081059300","4405",7184.62125837000,2719007.54082999984
"595.01","4",Queens,"059501","4059501",,Ridgewood,QN0502,QN05,QN05 Ridgewood-Maspeth-Middle Village (CD 5 Approximation),"36081059501","4405",6320.21426142000,1774156.28312000004
"1010.02","4",Queens,"101002","4101002",,Far Rockaway-Bayswater,QN1401,QN14,QN14 The Rockaways (CD 14 Approximation),"36081101002","4414",16293.19668370000,5796453.18737000041
"1047","4",Queens,"104700","4104700",,Murray Hill-Broadway Flushing,QN0704,QN07,QN07 Flushing-Murray Hill-Whitestone (CD 7 Approximation),"36081104700","4407",13160.64126860000,9061045.61865999922
"38","1",Manhattan,"003800","1003800",,East Village,MN0303,MN03,MN03 Lower East Side-Chinatown (CD 3 Equivalent),"36061003800","4103",5840.78675497000,2180047.43844000017
"48","1",Manhattan,"004800","1004800",,Gramercy,MN0602,MN06,MN06 East Midtown-Murray Hill (CD 6 Approximation),"36061004800","4165",5539.37910854000,1920852.09120999998
"64","1",Manhattan,"006400","1006400",,Gramercy,MN0602,MN06,MN06 East Midtown-Murray Hill (CD 6 Approximation),"36061006400","4165",5564.01224764000,1934407.85641000001
"178","1",Manhattan,"017800","1017800",,East Harlem (North),MN1102,MN11,MN11 East Harlem (CD 11 Equivalent),"36061017800","4111",6844.58289659000,2663052.14918000018
"1257","4",Queens,"125700","4125700",,Pomonok-Electchester-Hillcrest,QN0802,QN08,QN08 Fresh Meadows-Hillcrest-Briarwood (CD 8 Approximation),"36081125700","4408",8457.52165070000,3566900.58729000017
"61","4",Queens,"006100","4006100",,Astoria (Central),QN0103,QN01,QN01 Astoria-Queensbridge (CD 1 Equivalent),"36081006100","4401",6182.44907432000,2099196.68502999982
"144.01","1",Manhattan,"014401","1014401",,Upper East Side-Yorkville,MN0803,MN08,MN08 Upper East Side-Roosevelt Island (CD 8 Equivalent),"36061014401","4108",4016.37080214000,807979.69958599994
"16","1",Manhattan,"001600","1001600",,Chinatown-Two Bridges,MN0301,MN03,MN03 Lower East Side-Chinatown (CD 3 Equivalent),"36061001600","4103",6391.74464441000,2232591.52567999996
"1123","4",Queens,"112300","4112300",,Bayside,QN1102,QN11,QN11 Auburndale-Bayside-Douglaston (CD 11 Approximation),"36081112300","4411",7802.58147254000,3005919.53373999987
"389","2",Bronx,"038900","2038900",,Belmont,BX0603,BX06,BX06 Tremont-Belmont-West Farms (CD 6 Approximation),"36005038900","4263",5446.61218513000,1846409.31746000005
"483.01","4",Queens,"048301","4048301",,Elmhurst,QN0401,QN04,QN04 Elmhurst-Corona (CD 4 Approximation),"36081048301","4404",3915.73641713000,931227.03061300004
"633.02","4",Queens,"063302","4063302",,Glendale,QN0503,QN05,QN05 Ridgewood-Maspeth-Middle Village (CD 5 Approximation),"36081063302","4405",6411.41514436000,1490798.66320000007
"237.03","2",Bronx,"023703","2023703",,Fordham Heights,BX0503,BX05,BX05 Morris Heights-Mount Hope (CD 5 Approximation),"36005023703","4205",4924.11199372000,1071852.11045000004
"1167","4",Queens,"116700","4116700",,Murray Hill-Broadway Flushing,QN0704,QN07,QN07 Flushing-Murray Hill-Whitestone (CD 7 Approximation),"36081116700","4407",6703.87300596000,1787963.29166000010
"185","1",Manhattan,"018500","1018500",,Upper West Side-Manhattan Valley,MN0703,MN07,MN07 Upper West Side (CD 7 Approximation),"36061018500","4107",5169.48479389000,1406208.06062999996
"189","1",Manhattan,"018900","1018900",,Upper West Side-Manhattan Valley,MN0703,MN07,MN07 Upper West Side (CD 7 Approximation),"36061018900","4107",6761.85252932000,2853971.29834000021
"191","1",Manhattan,"019100","1019100",,Upper West Side-Manhattan Valley,MN0703,MN07,MN07 Upper West Side (CD 7 Approximation),"36061019100","4107",6614.17876835000,2385202.80486000003
"19.01","2",Bronx,"001901","2001901",,Mott Haven-Port Morris,BX0101,BX01,BX01 Melrose-Mott Haven-Port Morris (CD 1 Approximation),"36005001901","4221",6151.01268099000,2232573.64930999978
"99.01","1",Manhattan,"009901","1009901",,Chelsea-Hudson Yards,MN0401,MN04,MN04 Chelsea-Hell's Kitchen (CD 4 Approximation),"36061009901","4104",18255.86228900000,4211423.91861999966
"200","1",Manhattan,"020000","1020000",,Harlem (South),MN1001,MN10,MN10 Harlem (CD 10 Equivalent),"36061020000","4110",6753.23297750000,1391141.41393000004
"7","1",Manhattan,"000700","1000700",,Financial District-Battery Park City,MN0101,MN01,MN01 Financial District-Tribeca (CD 1 Equivalent),"36061000700","4121",9763.04258001000,2439446.11691999994
"9","1",Manhattan,"000900","1000900",,Financial District-Battery Park City,MN0101,MN01,MN01 Financial District-Tribeca (CD 1 Equivalent),"36061000900","4121",16486.61610050000,3130256.31668999977
"30.01","1",Manhattan,"003001","1003001",,Lower East Side,MN0302,MN03,MN03 Lower East Side-Chinatown (CD 3 Equivalent),"36061003001","4103",4774.16344958000,1330481.61765999999
"59","1",Manhattan,"005900","1005900",,Greenwich Village,MN0202,MN02,MN02 Greenwich Village-SoHo (CD 2 Equivalent),"36061005900","4121",5280.10250184000,1250316.20744000003
"61","1",Manhattan,"006100","1006100",,Greenwich Village,MN0202,MN02,MN02 Greenwich Village-SoHo (CD 2 Equivalent),"36061006100","4121",5022.82231991000,1528504.22528999997
"50","1",Manhattan,"005000","1005000",,Gramercy,MN0602,MN06,MN06 East Midtown-Murray Hill (CD 6 Approximation),"36061005000","4165",5473.39362210000,1793935.47977000009
"47","1",Manhattan,"004700","1004700",,SoHo-Little Italy-Hudson Square,MN0201,MN02,MN02 Greenwich Village-SoHo (CD 2 Equivalent),"36061004700","4121",5987.20932362000,1780551.06579999998
"49","1",Manhattan,"004900","1004900",,SoHo-Little Italy-Hudson Square,MN0201,MN02,MN02 Greenwich Village-SoHo (CD 2 Equivalent),"36061004900","4121",6676.60586579000,2226124.32264999999
"140","1",Manhattan,"014000","1014000",,Upper East Side-Carnegie Hill,MN0802,MN08,MN08 Upper East Side-Roosevelt Island (CD 8 Equivalent),"36061014000","4108",5820.81589059000,1925984.24386000005
"136.04","1",Manhattan,"013604","1013604",,Upper East Side-Yorkville,MN0803,MN08,MN08 Upper East Side-Roosevelt Island (CD 8 Equivalent),"36061013604","4108",3976.81699208000,771854.00371700001
"144.02","1",Manhattan,"014402","1014402",,Upper East Side-Yorkville,MN0803,MN08,MN08 Upper East Side-Roosevelt Island (CD 8 Equivalent),"36061014402","4108",6914.40713411000,1878963.53306000005
"142","1",Manhattan,"014200","1014200",,Upper East Side-Carnegie Hill,MN0802,MN08,MN08 Upper East Side-Roosevelt Island (CD 8 Equivalent),"36061014200","4108",5821.70518631000,1927688.31926000002
"179","1",Manhattan,"017900","1017900",,Upper West Side (Central),MN0702,MN07,MN07 Upper West Side (CD 7 Approximation),"36061017900","4107",6438.49081547000,2278484.15436000004
"183","1",Manhattan,"018300","1018300",,Upper West Side (Central),MN0702,MN07,MN07 Upper West Side (CD 7 Approximation),"36061018300","4107",6592.53533538000,2391021.04184000008
"257","1",Manhattan,"025700","1025700",,Harlem (South),MN1001,MN10,MN10 Harlem (CD 10 Equivalent),"36061025700","4110",6060.11894928000,1550590.10064000008
"197.01","1",Manhattan,"019701","1019701",,Morningside Heights,MN0901,MN09,MN09 Morningside Heights-Hamilton Heights (CD 9 Equivalent),"36061019701","4109",10254.30908800000,2535936.66451000003
"201.02","1",Manhattan,"020102","1020102",,Harlem (South),MN1001,MN10,MN10 Harlem (CD 10 Equivalent),"36061020102","4110",3751.03762338000,901944.22950200003
"56","1",Manhattan,"005600","1005600",,Midtown South-Flatiron-Union Square,MN0501,MN05,MN05 Midtown-Flatiron-Union Square (CD 5 Approximation),"36061005600","4165",5723.84052937000,1878253.48965999996
"74","1",Manhattan,"007400","1007400",,Midtown South-Flatiron-Union Square,MN0501,MN05,MN05 Midtown-Flatiron-Union Square (CD 5 Approximation),"36061007400","4165",5726.15764943000,1879420.44891000004
"214","1",Manhattan,"021400","1021400",,Harlem (North),MN1002,MN10,MN10 Harlem (CD 10 Equivalent),"36061021400","4110",4970.69281277000,1453439.91161000007
"159","1",Manhattan,"015900","1015900",,Upper West Side-Lincoln Square,MN0701,MN07,MN07 Upper West Side (CD 7 Approximation),"36061015900","4107",6435.88469974000,1874866.35165000008
"21","5",Staten Island,"002100","5002100",,Tompkinsville-Stapleton-Clifton-Fox Hills,SI0102,SI01,SI01 North Shore (CD 1 Equivalent),"36085002100","4501",20574.73725590000,9292914.51658999920
"27","5",Staten Island,"002700","5002700",,Tompkinsville-Stapleton-Clifton-Fox Hills,SI0102,SI01,SI01 North Shore (CD 1 Equivalent),"36085002700","4501",6745.56774055000,2702766.38096000021
"29","5",Staten Island,"002900","5002900",,Tompkinsville-Stapleton-Clifton-Fox Hills,SI0102,SI01,SI01 North Shore (CD 1 Equivalent),"36085002900","4501",10895.34578680000,5669716.01238000020
"33","5",Staten Island,"003300","5003300",,West New Brighton-Silver Lake-Grymes Hill,SI0104,SI01,SI01 North Shore (CD 1 Equivalent),"36085003300","4501",18652.96738360000,9208860.05178000033
"59.02","5",Staten Island,"005902","5005902",,West New Brighton-Silver Lake-Grymes Hill,SI0104,SI01,SI01 North Shore (CD 1 Equivalent),"36085005902","4501",9586.39651747000,4820406.41655000020
"122","5",Staten Island,"012200","5012200",,New Dorp-Midland Beach,SI0202,SI02,SI02 Mid-Island (CD 2 Approximation),"36085012200","4502",12097.96369340000,8917444.27607999928
"134","5",Staten Island,"013400","5013400",,New Dorp-Midland Beach,SI0202,SI02,SI02 Mid-Island (CD 2 Approximation),"36085013400","4502",12643.96645190000,9158025.40719000064
"1","3",Brooklyn,"000100","3000100",,Brooklyn Heights,BK0201,BK02,BK02 Downtown Brooklyn-Fort Greene (CD 2 Approximation),"36047000100","4302",6611.44395971000,2224101.04987000022
"3.01","3",Brooklyn,"000301","3000301",,Brooklyn Heights,BK0201,BK02,BK02 Downtown Brooklyn-Fort Greene (CD 2 Approximation),"36047000301","4302",6525.11133824000,2164337.28426000010
"5.02","3",Brooklyn,"000502","3000502",,Brooklyn Heights,BK0201,BK02,BK02 Downtown Brooklyn-Fort Greene (CD 2 Approximation),"36047000502","4302",4902.47968489000,1041529.09063999995
"7","3",Brooklyn,"000700","3000700",,Brooklyn Heights,BK0201,BK02,BK02 Downtown Brooklyn-Fort Greene (CD 2 Approximation),"36047000700","4302",6253.28848129000,1881577.58969999989
"9","3",Brooklyn,"000900","3000900",,Brooklyn Heights,BK0201,BK02,BK02 Downtown Brooklyn-Fort Greene (CD 2 Approximation),"36047000900","4302",5930.08177063000,1769269.50616999995
"11","3",Brooklyn,"001100","3001100",,Downtown Brooklyn-DUMBO-Boerum Hill,BK0202,BK02,BK02 Downtown Brooklyn-Fort Greene (CD 2 Approximation),"36047001100","4302",5758.21282277000,1811205.70989000006
"33","3",Brooklyn,"003300","3003300",,Fort Greene,BK0203,BK02,BK02 Downtown Brooklyn-Fort Greene (CD 2 Approximation),"36047003300","4302",6350.51376158000,1770404.99252000009
"35","3",Brooklyn,"003500","3003500",,Fort Greene,BK0203,BK02,BK02 Downtown Brooklyn-Fort Greene (CD 2 Approximation),"36047003500","4302",5043.32551366000,1433175.22982000001
"37","3",Brooklyn,"003700","3003700",,Downtown Brooklyn-DUMBO-Boerum Hill,BK0202,BK02,BK02 Downtown Brooklyn-Fort Greene (CD 2 Approximation),"36047003700","4302",7273.23138063000,1788976.49693999998
"41","3",Brooklyn,"004100","3004100",,Downtown Brooklyn-DUMBO-Boerum Hill,BK0202,BK02,BK02 Downtown Brooklyn-Fort Greene (CD 2 Approximation),"36047004100","4302",5281.90831008000,1743811.53444999992
"43","3",Brooklyn,"004300","3004300",,Downtown Brooklyn-DUMBO-Boerum Hill,BK0202,BK02,BK02 Downtown Brooklyn-Fort Greene (CD 2 Approximation),"36047004300","4302",5705.37594669000,1774542.76845000009
"45","3",Brooklyn,"004500","3004500",,Carroll Gardens-Cobble Hill-Gowanus-Red Hook,BK0601,BK06,BK06 Park Slope-Carroll Gardens (CD 6 Approximation),"36047004500","4306",5503.68394559000,1835597.21002000012
"46","3",Brooklyn,"004600","3004600",,Bay Ridge,BK1001,BK10,BK10 Bay Ridge-Dyker Heights (CD 10 Approximation),"36047004600","4310",10744.51924950000,3099351.47781000007
"50","3",Brooklyn,"005000","3005000",,Bay Ridge,BK1001,BK10,BK10 Bay Ridge-Dyker Heights (CD 10 Approximation),"36047005000","4310",7824.75140603000,2388874.41351999994
"53.01","3",Brooklyn,"005301","3005301",,Carroll Gardens-Cobble Hill-Gowanus-Red Hook,BK0601,BK06,BK06 Park Slope-Carroll Gardens (CD 6 Approximation),"36047005301","4306",22003.24454550000,6104697.22365999967
"62","3",Brooklyn,"006200","3006200",,Bay Ridge,BK1001,BK10,BK10 Bay Ridge-Dyker Heights (CD 10 Approximation),"36047006200","4310",5368.68163423000,1746843.29951000004
"69.01","3",Brooklyn,"006901","3006901",,Downtown Brooklyn-DUMBO-Boerum Hill,BK0202,BK02,BK02 Downtown Brooklyn-Fort Greene (CD 2 Approximation),"36047006901","4302",4103.73153681000,801476.27677000000
"70","3",Brooklyn,"007000","3007000",,Bay Ridge,BK1001,BK10,BK10 Bay Ridge-Dyker Heights (CD 10 Approximation),"36047007000","4310",7238.16213567000,1588000.48108999990
"71","3",Brooklyn,"007100","3007100",,Carroll Gardens-Cobble Hill-Gowanus-Red Hook,BK0601,BK06,BK06 Park Slope-Carroll Gardens (CD 6 Approximation),"36047007100","4306",5814.35321977000,1840524.26206000010
"82","3",Brooklyn,"008200","3008200",,Sunset Park (West),BK0702,BK07,BK07 Sunset Park-Windsor Terrace (CD 7 Approximation),"36047008200","4307",4989.68700331000,1517026.15149000008
"84","3",Brooklyn,"008400","3008400",,Sunset Park (West),BK0702,BK07,BK07 Sunset Park-Windsor Terrace (CD 7 Approximation),"36047008400","4307",6552.05577988000,2650333.41121000005
"86","3",Brooklyn,"008600","3008600",,Sunset Park (Central),BK0703,BK07,BK07 Sunset Park-Windsor Terrace (CD 7 Approximation),"36047008600","4307",4685.24525359000,1221917.02417999995
"94.01","3",Brooklyn,"009401","3009401",,Sunset Park (Central),BK0703,BK07,BK07 Sunset Park-Windsor Terrace (CD 7 Approximation),"36047009401","4307",3642.78502807000,812257.42812099995
"96","3",Brooklyn,"009600","3009600",,Sunset Park (Central),BK0703,BK07,BK07 Sunset Park-Windsor Terrace (CD 7 Approximation),"36047009600","4307",5203.07394448000,1622766.58577000001
"108.01","3",Brooklyn,"010801","3010801",,Sunset Park (Central),BK0703,BK07,BK07 Sunset Park-Windsor Terrace (CD 7 Approximation),"36047010801","4307",3643.77041834000,812575.70811400004
"127","3",Brooklyn,"012700","3012700",,Carroll Gardens-Cobble Hill-Gowanus-Red Hook,BK0601,BK06,BK06 Park Slope-Carroll Gardens (CD 6 Approximation),"36047012700","4306",5308.29202652000,1759480.86174999992
"129.01","3",Brooklyn,"012901","3012901",,Park Slope,BK0602,BK06,BK06 Park Slope-Carroll Gardens (CD 6 Approximation),"36047012901","4306",5214.09460095000,1390943.05244000000
"129.02","3",Brooklyn,"012902","3012902",,Park Slope,BK0602,BK06,BK06 Park Slope-Carroll Gardens (CD 6 Approximation),"36047012902","4306",5892.08168882000,1461597.02429999993
"130","3",Brooklyn,"013000","3013000",,Bay Ridge,BK1001,BK10,BK10 Bay Ridge-Dyker Heights (CD 10 Approximation),"36047013000","4310",5648.23650664000,1899181.50844000001
"131","3",Brooklyn,"013100","3013100",,Park Slope,BK0602,BK06,BK06 Park Slope-Carroll Gardens (CD 6 Approximation),"36047013100","4306",5288.63306619000,1684555.97653000010
"133","3",Brooklyn,"013300","3013300",,Park Slope,BK0602,BK06,BK06 Park Slope-Carroll Gardens (CD 6 Approximation),"36047013300","4306",5175.70351111000,1596011.12565999990
"134","3",Brooklyn,"013400","3013400",,Bay Ridge,BK1001,BK10,BK10 Bay Ridge-Dyker Heights (CD 10 Approximation),"36047013400","4310",8713.65155444000,2887190.06487999996
"135","3",Brooklyn,"013500","3013500",,Park Slope,BK0602,BK06,BK06 Park Slope-Carroll Gardens (CD 6 Approximation),"36047013500","4306",5224.71017596000,1635300.95978999999
"136","3",Brooklyn,"013600","3013600",,Bay Ridge,BK1001,BK10,BK10 Bay Ridge-Dyker Heights (CD 10 Approximation),"36047013600","4310",8226.98034589000,2312743.10307999980
"138","3",Brooklyn,"013800","3013800",,Bay Ridge,BK1001,BK10,BK10 Bay Ridge-Dyker Heights (CD 10 Approximation),"36047013800","4310",6620.92863422000,1749765.03945000004
"139","3",Brooklyn,"013900","3013900",,Park Slope,BK0602,BK06,BK06 Park Slope-Carroll Gardens (CD 6 Approximation),"36047013900","4306",5219.68084365000,1631336.71545000002
"142","3",Brooklyn,"014200","3014200",,Bay Ridge,BK1001,BK10,BK10 Bay Ridge-Dyker Heights (CD 10 Approximation),"36047014200","4310",7716.17241051000,2160045.41533999983
"149.02","3",Brooklyn,"014902","3014902",,Windsor Terrace-South Slope,BK0701,BK07,BK07 Sunset Park-Windsor Terrace (CD 7 Approximation),"36047014902","4307",5478.78097108000,1877519.85370999994
"155","3",Brooklyn,"015500","3015500",,Park Slope,BK0602,BK06,BK06 Park Slope-Carroll Gardens (CD 6 Approximation),"36047015500","4306",5181.35151702000,1610814.62138999999
"157","3",Brooklyn,"015700","3015700",,Park Slope,BK0602,BK06,BK06 Park Slope-Carroll Gardens (CD 6 Approximation),"36047015700","4306",5427.70456606000,1802056.24380000005
"159","3",Brooklyn,"015900","3015900",,Park Slope,BK0602,BK06,BK06 Park Slope-Carroll Gardens (CD 6 Approximation),"36047015900","4306",7060.35352358000,2699300.41947000008
"163","3",Brooklyn,"016300","3016300",,Prospect Heights,BK0801,BK08,BK08 Crown Heights (North) (CD 8 Approximation),"36047016300","4308",6111.66458708000,1980070.64592000004
"167","3",Brooklyn,"016700","3016700",,Park Slope,BK0602,BK06,BK06 Park Slope-Carroll Gardens (CD 6 Approximation),"36047016700","4306",6192.57037464000,1818135.60175999999
"169","3",Brooklyn,"016900","3016900",,Windsor Terrace-South Slope,BK0701,BK07,BK07 Sunset Park-Windsor Terrace (CD 7 Approximation),"36047016900","4307",6152.54966079000,2257354.42507999996
"181","3",Brooklyn,"018100","3018100",,Fort Greene,BK0203,BK02,BK02 Downtown Brooklyn-Fort Greene (CD 2 Approximation),"36047018100","4302",5495.10749517000,1823380.15384000004
"183","3",Brooklyn,"018300","3018300",,Fort Greene,BK0203,BK02,BK02 Downtown Brooklyn-Fort Greene (CD 2 Approximation),"36047018300","4302",4935.74766894000,1477789.70283999993
"191","3",Brooklyn,"019100","3019100",,Clinton Hill,BK0204,BK02,BK02 Downtown Brooklyn-Fort Greene (CD 2 Approximation),"36047019100","4302",7816.21536220000,2721477.61463000020
"195","3",Brooklyn,"019500","3019500",,Clinton Hill,BK0204,BK02,BK02 Downtown Brooklyn-Fort Greene (CD 2 Approximation),"36047019500","4302",4887.71692449000,1475082.67195999995
"203","3",Brooklyn,"020300","3020300",,Prospect Heights,BK0801,BK08,BK08 Crown Heights (North) (CD 8 Approximation),"36047020300","4308",5265.16868928000,1512111.18253000011
"205","3",Brooklyn,"020500","3020500",,Prospect Heights,BK0801,BK08,BK08 Crown Heights (North) (CD 8 Approximation),"36047020500","4308",5441.54339902000,1718969.95323000010
"207","3",Brooklyn,"020700","3020700",,Prospect Heights,BK0801,BK08,BK08 Crown Heights (North) (CD 8 Approximation),"36047020700","4308",6090.09893014000,1480427.21558000008
"231","3",Brooklyn,"023100","3023100",,Clinton Hill,BK0204,BK02,BK02 Downtown Brooklyn-Fort Greene (CD 2 Approximation),"36047023100","4302",5908.87325165000,1716029.92241000012
"244","3",Brooklyn,"024400","3024400",,Mapleton-Midwood (West),BK1204,BK12,BK12 Borough Park-Kensington (CD 12 Approximation),"36047024400","4312",6280.44675918000,1670948.43724000012
"248","3",Brooklyn,"024800","3024800",,Bensonhurst,BK1101,BK11,BK11 Bensonhurst-Bath Beach (CD 11 Approximation),"36047024800","4311",6417.48330493000,1895137.28951000003
"265","3",Brooklyn,"026500","3026500",,Bedford-Stuyvesant (West),BK0301,BK03,BK03 Bedford-Stuyvesant (CD 3 Approximation),"36047026500","4303",5341.61806710000,1718284.07001999998
"267","3",Brooklyn,"026700","3026700",,Bedford-Stuyvesant (West),BK0301,BK03,BK03 Bedford-Stuyvesant (CD 3 Approximation),"36047026700","4303",5340.24442729000,1717368.23662000010
"281","3",Brooklyn,"028100","3028100",,Bedford-Stuyvesant (East),BK0302,BK03,BK03 Bedford-Stuyvesant (CD 3 Approximation),"36047028100","4303",5389.33857657000,1743468.24279000005
"283","3",Brooklyn,"028300","3028300",,Bedford-Stuyvesant (East),BK0302,BK03,BK03 Bedford-Stuyvesant (CD 3 Approximation),"36047028300","4303",4848.73849270000,1311680.66680000001
"298","3",Brooklyn,"029800","3029800",,Gravesend (West),BK1103,BK11,BK11 Bensonhurst-Bath Beach (CD 11 Approximation),"36047029800","4311",7431.07837928000,2379873.95979999984
"305","3",Brooklyn,"030500","3030500",,Crown Heights (North),BK0802,BK08,BK08 Crown Heights (North) (CD 8 Approximation),"36047030500","4308",7369.22590303000,3478044.43563999981
"341","3",Brooklyn,"034100","3034100",,Crown Heights (North),BK0802,BK08,BK08 Crown Heights (North) (CD 8 Approximation),"36047034100","4308",5030.77676874000,1504308.06279000011
"377","3",Brooklyn,"037700","3037700",,Bedford-Stuyvesant (East),BK0302,BK03,BK03 Bedford-Stuyvesant (CD 3 Approximation),"36047037700","4303",5741.18179491000,2047553.74720999994
"383","3",Brooklyn,"038300","3038300",,Bedford-Stuyvesant (East),BK0302,BK03,BK03 Bedford-Stuyvesant (CD 3 Approximation),"36047038300","4303",5635.04684229000,1878496.91180999996
"385","3",Brooklyn,"038500","3038500",,Bedford-Stuyvesant (East),BK0302,BK03,BK03 Bedford-Stuyvesant (CD 3 Approximation),"36047038500","4303",5637.03615433000,1877794.42429000000
"431","3",Brooklyn,"043100","3043100",,Bushwick (West),BK0401,BK04,BK04 Bushwick (CD 4 Equivalent),"36047043100","4304",5386.79975828000,1810786.76408999995
"437","3",Brooklyn,"043700","3043700",,Bushwick (East),BK0402,BK04,BK04 Bushwick (CD 4 Equivalent),"36047043700","4304",5385.65937792000,1809983.89256999991
"449.01","3",Brooklyn,"044901","3044901",,East Williamsburg,BK0104,BK01,BK01 Williamsburg-Greenpoint (CD 1 Equivalent),"36047044901","4301",9720.73013176000,4142652.58768999996
"449.02","3",Brooklyn,"044902","3044902",,East Williamsburg,BK0104,BK01,BK01 Williamsburg-Greenpoint (CD 1 Equivalent),"36047044902","4301",32966.32599250000,18813945.35979999974
"453","3",Brooklyn,"045300","3045300",,East Williamsburg,BK0104,BK01,BK01 Williamsburg-Greenpoint (CD 1 Equivalent),"36047045300","4301",8849.88559924000,3440160.21389999986
"481","3",Brooklyn,"048100","3048100",,East Williamsburg,BK0104,BK01,BK01 Williamsburg-Greenpoint (CD 1 Equivalent),"36047048100","4301",5314.73936963000,1629522.21077000001
"496","3",Brooklyn,"049600","3049600",,Kensington,BK1203,BK12,BK12 Borough Park-Kensington (CD 12 Approximation),"36047049600","4312",7240.57086505000,2184807.48351000017
"497","3",Brooklyn,"049700","3049700",,East Williamsburg,BK0104,BK01,BK01 Williamsburg-Greenpoint (CD 1 Equivalent),"36047049700","4301",5956.05707438000,1772556.57226000004
"498","3",Brooklyn,"049800","3049800",,Kensington,BK1203,BK12,BK12 Borough Park-Kensington (CD 12 Approximation),"36047049800","4312",7162.91645982000,2199772.10778999981
"509","3",Brooklyn,"050900","3050900",,South Williamsburg,BK0103,BK01,BK01 Williamsburg-Greenpoint (CD 1 Equivalent),"36047050900","4301",5020.25419815000,1526103.18711000006
"517","3",Brooklyn,"051700","3051700",,Williamsburg,BK0102,BK01,BK01 Williamsburg-Greenpoint (CD 1 Equivalent),"36047051700","4301",6225.17869163000,2020312.39243000001
"518","3",Brooklyn,"051800","3051800",,Flatbush (West)-Ditmas Park-Parkville,BK1402,BK14,BK14 Flatbush-Midwood (CD 14 Approximation),"36047051800","4314",6299.57532619000,2170111.41362999985
"519","3",Brooklyn,"051900","3051900",,Williamsburg,BK0102,BK01,BK01 Williamsburg-Greenpoint (CD 1 Equivalent),"36047051900","4301",7491.25447186000,2959027.89460000023
"520","3",Brooklyn,"052000","3052000",,Flatbush (West)-Ditmas Park-Parkville,BK1402,BK14,BK14 Flatbush-Midwood (CD 14 Approximation),"36047052000","4314",6972.93776203000,2056594.59245000011
"523","3",Brooklyn,"052300","3052300",,Williamsburg,BK0102,BK01,BK01 Williamsburg-Greenpoint (CD 1 Equivalent),"36047052300","4301",5054.80863126000,1555953.93194000004
"526","3",Brooklyn,"052600","3052600",,Flatbush (West)-Ditmas Park-Parkville,BK1402,BK14,BK14 Flatbush-Midwood (CD 14 Approximation),"36047052600","4314",6736.72475335000,1823527.09745000000
"529","3",Brooklyn,"052900","3052900",,South Williamsburg,BK0103,BK01,BK01 Williamsburg-Greenpoint (CD 1 Equivalent),"36047052900","4301",6118.98408180000,1882580.84348000004
"549","3",Brooklyn,"054900","3054900",,Williamsburg,BK0102,BK01,BK01 Williamsburg-Greenpoint (CD 1 Equivalent),"36047054900","4301",6845.77715182000,2097786.52356000012
"551","3",Brooklyn,"055100","3055100",,Williamsburg,BK0102,BK01,BK01 Williamsburg-Greenpoint (CD 1 Equivalent),"36047055100","4301",7122.67726391000,2510928.21566000022
"552","3",Brooklyn,"055200","3055200",,Madison,BK1502,BK15,BK15 Sheepshead Bay-Gravesend (East) (CD 15 Approximation),"36047055200","4315",5520.89472694000,1805017.47974000010
"553","3",Brooklyn,"055300","3055300",,Williamsburg,BK0102,BK01,BK01 Williamsburg-Greenpoint (CD 1 Equivalent),"36047055300","4301",5513.59445670000,1681865.70524000004
"557","3",Brooklyn,"055700","3055700",,Williamsburg,BK0102,BK01,BK01 Williamsburg-Greenpoint (CD 1 Equivalent),"36047055700","4301",7401.29210143000,3195112.35254999995
"573","3",Brooklyn,"057300","3057300",,Greenpoint,BK0101,BK01,BK01 Williamsburg-Greenpoint (CD 1 Equivalent),"36047057300","4301",5625.86881482000,1831149.74967999989
"591","3",Brooklyn,"059100","3059100",,Greenpoint,BK0101,BK01,BK01 Williamsburg-Greenpoint (CD 1 Equivalent),"36047059100","4301",5941.52977609000,2062727.21542000002
"593","3",Brooklyn,"059300","3059300",,Greenpoint,BK0101,BK01,BK01 Williamsburg-Greenpoint (CD 1 Equivalent),"36047059300","4301",6065.79962397000,2033982.76645000000
"700","3",Brooklyn,"070000","3070000",,Marine Park-Mill Basin-Bergen Beach,BK1802,BK18,BK18 Canarsie-Flatlands (CD 18 Approximation),"36047070000","4318",6151.50594281000,2177086.05640000012
"768","3",Brooklyn,"076800","3076800",,Midwood,BK1403,BK14,BK14 Flatbush-Midwood (CD 14 Approximation),"36047076800","4314",9001.20953688000,3265655.40267000021
"898","3",Brooklyn,"089800","3089800",,Brownsville,BK1602,BK16,BK16 Ocean Hill-Brownsville (CD 16 Approximation),"36047089800","4316",5546.68353132000,1661400.05905000004
"910","3",Brooklyn,"091000","3091000",,Brownsville,BK1602,BK16,BK16 Ocean Hill-Brownsville (CD 16 Approximation),"36047091000","4316",6092.21066540000,2281443.73016999988
"918","3",Brooklyn,"091800","3091800",,Brownsville,BK1602,BK16,BK16 Ocean Hill-Brownsville (CD 16 Approximation),"36047091800","4316",6504.83675002000,2256021.20141999982
"1152","3",Brooklyn,"115200","3115200",,East New York (North),BK0502,BK05,BK05 East New York-Cypress Hills (CD 5 Approximation),"36047115200","4305",5358.55974561000,1788251.78144000005
"77","3",Brooklyn,"007700","3007700",,Carroll Gardens-Cobble Hill-Gowanus-Red Hook,BK0601,BK06,BK06 Park Slope-Carroll Gardens (CD 6 Approximation),"36047007700","4306",10067.54981590000,4166505.20618000021
"59.01","5",Staten Island,"005901","5005901",,West New Brighton-Silver Lake-Grymes Hill,SI0104,SI01,SI01 North Shore (CD 1 Equivalent),"36085005901","4501",16730.52727750000,10114541.23689999990
"63","3",Brooklyn,"006300","3006300",,Carroll Gardens-Cobble Hill-Gowanus-Red Hook,BK0601,BK06,BK06 Park Slope-Carroll Gardens (CD 6 Approximation),"36047006300","4306",5680.88036982000,1081285.37532000011
"59","3",Brooklyn,"005900","3005900",,Carroll Gardens-Cobble Hill-Gowanus-Red Hook,BK0601,BK06,BK06 Park Slope-Carroll Gardens (CD 6 Approximation),"36047005900","4306",10147.30477380000,3843225.68257999979
"51","2",Bronx,"005100","2005100",,Mott Haven-Port Morris,BX0101,BX01,BX01 Melrose-Mott Haven-Port Morris (CD 1 Approximation),"36005005100","4221",13433.82267120000,5514199.04062000010
"63.01","2",Bronx,"006301","2006301",,Concourse-Concourse Village,BX0401,BX04,BX04 Highbridge-Concourse (CD 4 Approximation),"36005006301","4204",15300.64988340000,8580996.69776000082
"198","5",Staten Island,"019800","5019800",,Annadale-Huguenot-Prince's Bay-Woodrow,SI0304,SI03,SI03 South Shore (CD 3 Approximation),"36085019800","4503",44056.04410750000,61327688.04379998893
"157","2",Bronx,"015700","2015700",,Crotona Park East,BX0303,BX03,BX03 Morrisania-Crotona Park East (CD 3 Approximation),"36005015700","4263",8523.42071628000,3362794.26403000019
"13","3",Brooklyn,"001300","3001300",,Downtown Brooklyn-DUMBO-Boerum Hill,BK0202,BK02,BK02 Downtown Brooklyn-Fort Greene (CD 2 Approximation),"36047001300","4302",7698.77165126000,3167176.12039999990
"239","1",Manhattan,"023900","1023900",,Washington Heights (South),MN1201,MN12,MN12 Washington Heights-Inwood (CD 12 Equivalent),"36061023900","4112",3637.44823664000,687788.54971299996
"696.02","3",Brooklyn,"069602","3069602",,Marine Park-Mill Basin-Bergen Beach,BK1802,BK18,BK18 Canarsie-Flatlands (CD 18 Approximation),"36047069602","4318",17792.72170530000,7888385.83763999958
"21","1",Manhattan,"002100","1002100",,Tribeca-Civic Center,MN0102,MN01,MN01 Financial District-Tribeca (CD 1 Equivalent),"36061002100","4121",6740.33241512000,2560061.41981999995
"143","3",Brooklyn,"014300","3014300",,Sunset Park (West),BK0702,BK07,BK07 Sunset Park-Windsor Terrace (CD 7 Approximation),"36047014300","4307",6688.23196030000,2335437.13512999984
"2.02","1",Manhattan,"000202","1000202",,Lower East Side,MN0302,MN03,MN03 Lower East Side-Chinatown (CD 3 Equivalent),"36061000202","4103",8568.08960738000,3315114.28500000015
"21","3",Brooklyn,"002100","3002100",,Downtown Brooklyn-DUMBO-Boerum Hill,BK0202,BK02,BK02 Downtown Brooklyn-Fort Greene (CD 2 Approximation),"36047002100","4302",12735.68791370000,5707270.12383999955
"35","2",Bronx,"003500","2003500",,Mott Haven-Port Morris,BX0101,BX01,BX01 Melrose-Mott Haven-Port Morris (CD 1 Approximation),"36005003500","4221",5804.92401836000,1525330.69918000000
"1032.02","4",Queens,"103202","4103202",,Far Rockaway-Bayswater,QN1401,QN14,QN14 The Rockaways (CD 14 Approximation),"36081103202","4414",11703.04107260000,7674612.92879000027
"43","2",Bronx,"004300","2004300",,Mott Haven-Port Morris,BX0101,BX01,BX01 Melrose-Mott Haven-Port Morris (CD 1 Approximation),"36005004300","4221",6495.64951922000,2441015.71332000010
"171.01","4",Queens,"017101","4017101",,Sunnyside Yards (South),QN0261,QN02,QN02 Long Island City-Sunnyside-Woodside (CD 2 Approximation),"36081017101","4402",22732.90545630000,8783519.11419999972
"57","1",Manhattan,"005700","1005700",,Greenwich Village,MN0202,MN02,MN02 Greenwich Village-SoHo (CD 2 Equivalent),"36061005700","4121",4761.91338205000,1159594.63235999993
"287","1",Manhattan,"028700","1028700",,Washington Heights (North),MN1202,MN12,MN12 Washington Heights-Inwood (CD 12 Equivalent),"36061028700","4112",12359.01687610000,5714367.60654000007
"291","1",Manhattan,"029100","1029100",,Inwood,MN1203,MN12,MN12 Washington Heights-Inwood (CD 12 Equivalent),"36061029100","4112",5717.67943057000,2018094.02279000008
"15.01","1",Manhattan,"001501","1001501",,Financial District-Battery Park City,MN0101,MN01,MN01 Financial District-Tribeca (CD 1 Equivalent),"36061001501","4121",9809.17561606000,2955567.68398999982
"29.02","1",Manhattan,"002902","1002902",,Chinatown-Two Bridges,MN0301,MN03,MN03 Lower East Side-Chinatown (CD 3 Equivalent),"36061002902","4103",5079.32928722000,1327605.15436999989
"504.01","3",Brooklyn,"050401","3050401",,Windsor Terrace-South Slope,BK0701,BK07,BK07 Sunset Park-Windsor Terrace (CD 7 Approximation),"36047050401","4307",5416.86296410000,1564161.08434000006
"555","3",Brooklyn,"055500","3055500",,Williamsburg,BK0102,BK01,BK01 Williamsburg-Greenpoint (CD 1 Equivalent),"36047055500","4301",7291.62494704000,2830370.46339999977
"219","1",Manhattan,"021900","1021900",,Manhattanville-West Harlem,MN0902,MN09,MN09 Morningside Heights-Hamilton Heights (CD 9 Equivalent),"36061021900","4109",7845.08055156000,3005263.72320999997
"99.03","1",Manhattan,"009903","1009903",,Chelsea-Hudson Yards,MN0401,MN04,MN04 Chelsea-Hell's Kitchen (CD 4 Approximation),"36061009903","4104",10607.85345230000,4533958.76994000003
"192","1",Manhattan,"019200","1019200",,East Harlem (North),MN1102,MN11,MN11 East Harlem (CD 11 Equivalent),"36061019200","4111",7753.93386685000,2038683.51582999993
"245","1",Manhattan,"024500","1024500",,Washington Heights (South),MN1201,MN12,MN12 Washington Heights-Inwood (CD 12 Equivalent),"36061024500","4112",6448.51663688000,2284357.77151999995
"291","4",Queens,"029100","4029100",,Jackson Heights,QN0301,QN03,QN03 Jackson Heights-East Elmhurst (CD 3 Approximation),"36081029100","4403",7509.23050068000,2813950.59446999989
"383.02","4",Queens,"038302","4038302",,Flushing Meadows-Corona Park,QN8191,QN81,QN81 Flushing Meadows-Corona Park (JIA 81 Approximation),"36081038302","4404",61515.86059310000,55202898.89530000091
"79","1",Manhattan,"007900","1007900",,West Village,MN0203,MN02,MN02 Greenwich Village-SoHo (CD 2 Equivalent),"36061007900","4121",8521.46595400000,2861047.62229999993
"69","1",Manhattan,"006900","1006900",,West Village,MN0203,MN02,MN02 Greenwich Village-SoHo (CD 2 Equivalent),"36061006900","4121",7531.25693655000,2362610.04716000007
"75","1",Manhattan,"007500","1007500",,West Village,MN0203,MN02,MN02 Greenwich Village-SoHo (CD 2 Equivalent),"36061007500","4121",7691.26070307000,1778285.53025999991
"141.01","3",Brooklyn,"014101","3014101",,Park Slope,BK0602,BK06,BK06 Park Slope-Carroll Gardens (CD 6 Approximation),"36047014101","4306",4184.63223560000,816606.78087599995
"141.02","3",Brooklyn,"014102","3014102",,Windsor Terrace-South Slope,BK0701,BK07,BK07 Sunset Park-Windsor Terrace (CD 7 Approximation),"36047014102","4307",4395.22670007000,970475.05376399995
"641.02","4",Queens,"064102","4064102",,Forest Park,QN8291,QN82,QN82 Forest Park (JIA 82 Approximation),"36081064102","4409",29484.78775230000,24010776.92990000173
"773","4",Queens,"077300","4077300",,Kew Gardens,QN0901,QN09,QN09 Kew Gardens-Richmond Hill-Woodhaven (CD 9 Approximation),"36081077300","4409",9420.85015643000,3012875.41251000017
